# SYNTHETIC DEMO DATA - fictional company, fictional customers. Not real transactions.
entry_id,booked_on,entry_type,channel,payment_reference,currency,amount_minor,customer_ref,description
LE-000001,2026-09-01,payment,bank_transfer,PAY-000001,EUR,162594,SYN-CUST-0004,Synthetic invoice paid by bank transfer
LE-000002,2026-09-01,payment,bank_transfer,PAY-000002,EUR,119394,SYN-CUST-0360,Synthetic invoice paid by bank transfer
LE-000003,2026-09-01,payment,card,PAY-000003,EUR,36470,SYN-CUST-0041,Synthetic order
LE-000004,2026-09-01,payment,card,PAY-000004,EUR,33665,SYN-CUST-0198,Synthetic order
LE-000005,2026-09-01,payment,card,PAY-000005,EUR,29861,SYN-CUST-0177,Synthetic order
LE-000006,2026-09-01,payment,card,PAY-000006,EUR,18039,SYN-CUST-0134,Synthetic order
LE-000007,2026-09-01,payment,card,PAY-000007,EUR,27645,SYN-CUST-0108,Synthetic order
LE-000008,2026-09-01,payment,card,PAY-000008,EUR,19464,SYN-CUST-0057,Synthetic order
LE-000009,2026-09-01,payment,card,PAY-000009,EUR,19101,SYN-CUST-0072,Synthetic order
LE-000010,2026-09-01,payment,card,PAY-000010,EUR,7454,SYN-CUST-0205,Synthetic order
LE-000011,2026-09-01,payment,card,PAY-000011,EUR,30296,SYN-CUST-0044,Synthetic order
LE-000012,2026-09-01,payment,card,PAY-000012,EUR,1889,SYN-CUST-0213,Synthetic order
LE-000013,2026-09-01,payment,card,PAY-000013,EUR,10562,SYN-CUST-0136,Synthetic order
LE-000014,2026-09-01,payment,card,PAY-000014,EUR,28740,SYN-CUST-0202,Synthetic order
LE-000015,2026-09-01,payment,card,PAY-000015,EUR,17199,SYN-CUST-0134,Synthetic order
LE-000016,2026-09-01,payment,card,PAY-000016,EUR,9509,SYN-CUST-0195,Synthetic order
LE-000017,2026-09-01,payment,card,PAY-000017,EUR,15387,SYN-CUST-0284,Synthetic order
LE-000018,2026-09-01,payment,card,PAY-000018,EUR,14280,SYN-CUST-0148,Synthetic order
LE-000019,2026-09-01,payment,card,PAY-000019,EUR,34090,SYN-CUST-0331,Synthetic order
LE-000020,2026-09-01,payment,card,PAY-000020,EUR,30379,SYN-CUST-0145,Synthetic order
LE-000021,2026-09-01,payment,card,PAY-000021,EUR,19820,SYN-CUST-0355,Synthetic order
LE-000022,2026-09-01,payment,card,PAY-000022,EUR,22946,SYN-CUST-0225,Synthetic order
LE-000023,2026-09-01,payment,card,PAY-000023,EUR,16950,SYN-CUST-0316,Synthetic order
LE-000024,2026-09-01,payment,card,PAY-000024,EUR,5845,SYN-CUST-0098,Synthetic order
LE-000025,2026-09-01,payment,card,PAY-000025,EUR,20049,SYN-CUST-0147,Synthetic order
LE-000026,2026-09-01,payment,card,PAY-000026,EUR,32336,SYN-CUST-0379,Synthetic order
LE-000027,2026-09-01,payment,card,PAY-000027,EUR,4234,SYN-CUST-0267,Synthetic order
LE-000028,2026-09-01,payment,card,PAY-000028,EUR,21826,SYN-CUST-0198,Synthetic order
LE-000029,2026-09-01,payment,card,PAY-000029,EUR,19435,SYN-CUST-0314,Synthetic order
LE-000030,2026-09-01,payment,card,PAY-000030,EUR,16006,SYN-CUST-0301,Synthetic order
LE-000031,2026-09-01,payment,card,PAY-000031,EUR,39793,SYN-CUST-0081,Synthetic order
LE-000032,2026-09-02,payment,card,PAY-000032,EUR,25609,SYN-CUST-0134,Synthetic order
LE-000033,2026-09-02,payment,card,PAY-000033,EUR,12749,SYN-CUST-0323,Synthetic order
LE-000034,2026-09-02,payment,card,PAY-000034,EUR,31560,SYN-CUST-0206,Synthetic order
LE-000035,2026-09-02,payment,card,PAY-000035,EUR,37249,SYN-CUST-0338,Synthetic order
LE-000036,2026-09-02,payment,card,PAY-000036,EUR,20254,SYN-CUST-0388,Synthetic order
LE-000037,2026-09-02,payment,card,PAY-000037,EUR,34753,SYN-CUST-0198,Synthetic order
LE-000038,2026-09-02,payment,card,PAY-000038,EUR,37316,SYN-CUST-0122,Synthetic order
LE-000039,2026-09-02,payment,card,PAY-000039,EUR,4203,SYN-CUST-0120,Synthetic order
LE-000040,2026-09-02,payment,card,PAY-000040,EUR,38795,SYN-CUST-0045,Synthetic order
LE-000041,2026-09-02,payment,card,PAY-000041,EUR,22608,SYN-CUST-0249,Synthetic order
LE-000042,2026-09-02,payment,card,PAY-000042,EUR,7834,SYN-CUST-0243,Synthetic order
LE-000043,2026-09-02,payment,card,PAY-000043,EUR,19455,SYN-CUST-0054,Synthetic order
LE-000044,2026-09-02,payment,card,PAY-000044,EUR,34660,SYN-CUST-0050,Synthetic order
LE-000045,2026-09-02,payment,card,PAY-000045,EUR,31479,SYN-CUST-0300,Synthetic order
LE-000046,2026-09-02,payment,card,PAY-000046,EUR,29792,SYN-CUST-0196,Synthetic order
LE-000047,2026-09-02,payment,card,PAY-000047,EUR,18101,SYN-CUST-0197,Synthetic order
LE-000048,2026-09-02,payment,card,PAY-000048,EUR,16243,SYN-CUST-0088,Synthetic order
LE-000049,2026-09-02,payment,card,PAY-000049,EUR,29264,SYN-CUST-0236,Synthetic order
LE-000050,2026-09-02,payment,card,PAY-000050,EUR,36104,SYN-CUST-0249,Synthetic order
LE-000051,2026-09-02,payment,card,PAY-000051,EUR,30699,SYN-CUST-0348,Synthetic order
LE-000052,2026-09-02,payment,card,PAY-000052,EUR,2013,SYN-CUST-0339,Synthetic order
LE-000053,2026-09-03,payment,bank_transfer,PAY-000053,EUR,103357,SYN-CUST-0068,Synthetic invoice paid by bank transfer
LE-000054,2026-09-03,payment,card,PAY-000054,EUR,39539,SYN-CUST-0186,Synthetic order
LE-000055,2026-09-03,payment,card,PAY-000055,EUR,5968,SYN-CUST-0071,Synthetic order
LE-000056,2026-09-03,payment,card,PAY-000056,EUR,1939,SYN-CUST-0113,Synthetic order
LE-000057,2026-09-03,payment,card,PAY-000057,EUR,17274,SYN-CUST-0241,Synthetic order
LE-000058,2026-09-03,payment,card,PAY-000058,EUR,33085,SYN-CUST-0141,Synthetic order
LE-000059,2026-09-03,payment,card,PAY-000059,EUR,16966,SYN-CUST-0104,Synthetic order
LE-000060,2026-09-03,payment,card,PAY-000060,EUR,16979,SYN-CUST-0208,Synthetic order
LE-000061,2026-09-03,payment,card,PAY-000061,EUR,11073,SYN-CUST-0165,Synthetic order
LE-000062,2026-09-03,payment,card,PAY-000062,EUR,23148,SYN-CUST-0048,Synthetic order
LE-000063,2026-09-03,payment,card,PAY-000063,EUR,15253,SYN-CUST-0114,Synthetic order
LE-000064,2026-09-03,payment,card,PAY-000064,EUR,10001,SYN-CUST-0108,Synthetic order
LE-000065,2026-09-03,payment,card,PAY-000065,EUR,37315,SYN-CUST-0213,Synthetic order
LE-000066,2026-09-03,payment,card,PAY-000066,EUR,14144,SYN-CUST-0198,Synthetic order
LE-000067,2026-09-04,payment,bank_transfer,PAY-000067,EUR,166394,SYN-CUST-0223,Synthetic invoice paid by bank transfer
LE-000068,2026-09-04,payment,bank_transfer,PAY-000068,EUR,168768,SYN-CUST-0158,Synthetic invoice paid by bank transfer
LE-000069,2026-09-04,payment,card,PAY-000069,EUR,2667,SYN-CUST-0231,Synthetic order
LE-000070,2026-09-04,payment,card,PAY-000070,EUR,6246,SYN-CUST-0009,Synthetic order
LE-000071,2026-09-04,payment,card,PAY-000071,EUR,24865,SYN-CUST-0241,Synthetic order
LE-000072,2026-09-04,payment,card,PAY-000072,EUR,22269,SYN-CUST-0315,Synthetic order
LE-000073,2026-09-04,payment,card,PAY-000073,EUR,20859,SYN-CUST-0127,Synthetic order
LE-000074,2026-09-04,payment,card,PAY-000074,EUR,36329,SYN-CUST-0299,Synthetic order
LE-000075,2026-09-04,payment,card,PAY-000075,EUR,11897,SYN-CUST-0018,Synthetic order
LE-000076,2026-09-04,payment,card,PAY-000076,EUR,5917,SYN-CUST-0137,Synthetic order
LE-000077,2026-09-04,payment,card,PAY-000077,EUR,4951,SYN-CUST-0039,Synthetic order
LE-000078,2026-09-04,payment,card,PAY-000078,EUR,34841,SYN-CUST-0282,Synthetic order
LE-000079,2026-09-04,payment,card,PAY-000079,EUR,22152,SYN-CUST-0335,Synthetic order
LE-000080,2026-09-04,payment,card,PAY-000080,EUR,38729,SYN-CUST-0250,Synthetic order
LE-000081,2026-09-04,payment,card,PAY-000081,EUR,11865,SYN-CUST-0387,Synthetic order
LE-000082,2026-09-04,payment,card,PAY-000082,EUR,3763,SYN-CUST-0245,Synthetic order
LE-000083,2026-09-04,payment,card,PAY-000083,EUR,4384,SYN-CUST-0350,Synthetic order
LE-000084,2026-09-04,payment,card,PAY-000084,EUR,10292,SYN-CUST-0065,Synthetic order
LE-000085,2026-09-04,payment,card,PAY-000085,EUR,28640,SYN-CUST-0119,Synthetic order
LE-000086,2026-09-04,payment,card,PAY-000086,EUR,14661,SYN-CUST-0083,Synthetic order
LE-000087,2026-09-04,payment,card,PAY-000087,EUR,17944,SYN-CUST-0185,Synthetic order
LE-000088,2026-09-04,payment,card,PAY-000088,EUR,25673,SYN-CUST-0108,Synthetic order
LE-000089,2026-09-04,payment,card,PAY-000089,EUR,39471,SYN-CUST-0337,Synthetic order
LE-000090,2026-09-04,payment,card,PAY-000090,EUR,18452,SYN-CUST-0192,Synthetic order
LE-000091,2026-09-05,payment,card,PAY-000091,EUR,10878,SYN-CUST-0275,Synthetic order
LE-000092,2026-09-05,payment,card,PAY-000092,EUR,3051,SYN-CUST-0044,Synthetic order
LE-000093,2026-09-05,payment,card,PAY-000093,EUR,19873,SYN-CUST-0209,Synthetic order
LE-000094,2026-09-05,payment,card,PAY-000094,EUR,24869,SYN-CUST-0175,Synthetic order
LE-000095,2026-09-05,payment,card,PAY-000095,EUR,31959,SYN-CUST-0153,Synthetic order
LE-000096,2026-09-05,payment,card,PAY-000096,EUR,28763,SYN-CUST-0174,Synthetic order
LE-000097,2026-09-05,payment,card,PAY-000097,EUR,15678,SYN-CUST-0038,Synthetic order
LE-000098,2026-09-05,payment,card,PAY-000098,EUR,5050,SYN-CUST-0380,Synthetic order
LE-000099,2026-09-05,payment,card,PAY-000099,EUR,13549,SYN-CUST-0235,Synthetic order
LE-000100,2026-09-05,payment,card,PAY-000100,EUR,15785,SYN-CUST-0090,Synthetic order
LE-000101,2026-09-05,payment,card,PAY-000101,EUR,8420,SYN-CUST-0201,Synthetic order
LE-000102,2026-09-05,payment,card,PAY-000102,EUR,1309,SYN-CUST-0259,Synthetic order
LE-000103,2026-09-05,payment,card,PAY-000103,EUR,13568,SYN-CUST-0120,Synthetic order
LE-000104,2026-09-05,payment,card,PAY-000104,EUR,17303,SYN-CUST-0388,Synthetic order
LE-000105,2026-09-05,payment,card,PAY-000105,EUR,37691,SYN-CUST-0387,Synthetic order
LE-000106,2026-09-05,payment,card,PAY-000106,EUR,9411,SYN-CUST-0387,Synthetic order
LE-000107,2026-09-05,payment,card,PAY-000107,EUR,25715,SYN-CUST-0143,Synthetic order
LE-000108,2026-09-05,payment,card,PAY-000108,EUR,6297,SYN-CUST-0366,Synthetic order
LE-000109,2026-09-05,payment,card,PAY-000109,EUR,32424,SYN-CUST-0177,Synthetic order
LE-000110,2026-09-05,payment,card,PAY-000110,EUR,36791,SYN-CUST-0048,Synthetic order
LE-000111,2026-09-05,payment,card,PAY-000111,EUR,35932,SYN-CUST-0367,Synthetic order
LE-000112,2026-09-05,payment,card,PAY-000112,EUR,34787,SYN-CUST-0394,Synthetic order
LE-000113,2026-09-05,payment,card,PAY-000113,EUR,11603,SYN-CUST-0089,Synthetic order
LE-000114,2026-09-05,payment,card,PAY-000114,EUR,15917,SYN-CUST-0217,Synthetic order
LE-000115,2026-09-05,refund,card,PAY-000044-R1,EUR,-17330,SYN-CUST-0050,Synthetic refund of PAY-000044
LE-000116,2026-09-06,payment,bank_transfer,PAY-000115,EUR,25936,SYN-CUST-0057,Synthetic invoice paid by bank transfer
LE-000117,2026-09-06,payment,card,PAY-000116,EUR,30680,SYN-CUST-0184,Synthetic order
LE-000118,2026-09-07,payment,bank_transfer,PAY-000117,EUR,189391,SYN-CUST-0130,Synthetic invoice paid by bank transfer
LE-000119,2026-09-07,payment,card,PAY-000118,EUR,28045,SYN-CUST-0215,Synthetic order
LE-000120,2026-09-07,payment,card,PAY-000119,EUR,23124,SYN-CUST-0117,Synthetic order
LE-000121,2026-09-07,payment,card,PAY-000120,EUR,4934,SYN-CUST-0082,Synthetic order
LE-000122,2026-09-07,payment,card,PAY-000121,EUR,37885,SYN-CUST-0003,Synthetic order
LE-000123,2026-09-07,payment,card,PAY-000122,EUR,26966,SYN-CUST-0099,Synthetic order
LE-000124,2026-09-07,payment,card,PAY-000123,EUR,4895,SYN-CUST-0368,Synthetic order
LE-000125,2026-09-07,payment,card,PAY-000124,EUR,17714,SYN-CUST-0160,Synthetic order
LE-000126,2026-09-07,payment,card,PAY-000125,EUR,16139,SYN-CUST-0055,Synthetic order
LE-000127,2026-09-07,payment,card,PAY-000126,EUR,12274,SYN-CUST-0369,Synthetic order
LE-000128,2026-09-07,payment,card,PAY-000127,EUR,7320,SYN-CUST-0249,Synthetic order
LE-000129,2026-09-07,payment,card,PAY-000128,EUR,8007,SYN-CUST-0177,Synthetic order
LE-000130,2026-09-07,payment,card,PAY-000129,EUR,1324,SYN-CUST-0277,Synthetic order
LE-000131,2026-09-07,payment,card,PAY-000130,EUR,26009,SYN-CUST-0260,Synthetic order
LE-000132,2026-09-07,payment,card,PAY-000131,EUR,33892,SYN-CUST-0051,Synthetic order
LE-000133,2026-09-07,payment,card,PAY-000132,EUR,12972,SYN-CUST-0175,Synthetic order
LE-000134,2026-09-07,payment,card,PAY-000133,EUR,31932,SYN-CUST-0114,Synthetic order
LE-000135,2026-09-07,payment,card,PAY-000134,EUR,10020,SYN-CUST-0279,Synthetic order
LE-000136,2026-09-07,payment,card,PAY-000135,EUR,36081,SYN-CUST-0385,Synthetic order
LE-000137,2026-09-07,payment,card,PAY-000136,EUR,33200,SYN-CUST-0056,Synthetic order
LE-000138,2026-09-07,payment,card,PAY-000137,EUR,38950,SYN-CUST-0259,Synthetic order
LE-000139,2026-09-07,payment,card,PAY-000138,EUR,8023,SYN-CUST-0302,Synthetic order
LE-000140,2026-09-07,payment,card,PAY-000139,EUR,5014,SYN-CUST-0212,Synthetic order
LE-000141,2026-09-08,payment,card,PAY-000140,EUR,20984,SYN-CUST-0034,Synthetic order
LE-000142,2026-09-08,payment,card,PAY-000141,EUR,32975,SYN-CUST-0106,Synthetic order
LE-000143,2026-09-08,payment,card,PAY-000142,EUR,3053,SYN-CUST-0009,Synthetic order
LE-000144,2026-09-08,payment,card,PAY-000143,EUR,23321,SYN-CUST-0362,Synthetic order
LE-000145,2026-09-08,payment,card,PAY-000144,EUR,29774,SYN-CUST-0034,Synthetic order
LE-000146,2026-09-08,payment,card,PAY-000145,EUR,14404,SYN-CUST-0294,Synthetic order
LE-000147,2026-09-08,payment,card,PAY-000146,EUR,26318,SYN-CUST-0309,Synthetic order
LE-000148,2026-09-08,payment,card,PAY-000147,EUR,3187,SYN-CUST-0037,Synthetic order
LE-000149,2026-09-08,payment,card,PAY-000148,EUR,32145,SYN-CUST-0217,Synthetic order
LE-000150,2026-09-08,payment,card,PAY-000149,EUR,7793,SYN-CUST-0342,Synthetic order
LE-000151,2026-09-08,payment,card,PAY-000150,EUR,3168,SYN-CUST-0226,Synthetic order
LE-000152,2026-09-08,payment,card,PAY-000151,EUR,16958,SYN-CUST-0189,Synthetic order
LE-000153,2026-09-08,payment,card,PAY-000152,EUR,32415,SYN-CUST-0267,Synthetic order
LE-000154,2026-09-08,payment,card,PAY-000153,EUR,38207,SYN-CUST-0232,Synthetic order
LE-000155,2026-09-08,payment,card,PAY-000154,EUR,32696,SYN-CUST-0351,Synthetic order
LE-000156,2026-09-08,payment,card,PAY-000155,EUR,21064,SYN-CUST-0166,Synthetic order
LE-000157,2026-09-08,payment,card,PAY-000156,EUR,9250,SYN-CUST-0174,Synthetic order
LE-000158,2026-09-08,payment,card,PAY-000157,EUR,14330,SYN-CUST-0318,Synthetic order
LE-000159,2026-09-08,payment,card,PAY-000158,EUR,36745,SYN-CUST-0263,Synthetic order
LE-000160,2026-09-08,payment,card,PAY-000159,EUR,29878,SYN-CUST-0105,Synthetic order
LE-000161,2026-09-08,payment,card,PAY-000160,EUR,29444,SYN-CUST-0346,Synthetic order
LE-000162,2026-09-08,payment,card,PAY-000161,EUR,29875,SYN-CUST-0098,Synthetic order
LE-000163,2026-09-08,payment,card,PAY-000162,EUR,13564,SYN-CUST-0274,Synthetic order
LE-000164,2026-09-08,payment,card,PAY-000163,EUR,16373,SYN-CUST-0355,Synthetic order
LE-000165,2026-09-08,payment,card,PAY-000164,EUR,13065,SYN-CUST-0115,Synthetic order
LE-000166,2026-09-08,payment,card,PAY-000165,EUR,28987,SYN-CUST-0230,Synthetic order
LE-000167,2026-09-08,payment,card,PAY-000166,EUR,2829,SYN-CUST-0174,Synthetic order
LE-000168,2026-09-08,payment,card,PAY-000167,EUR,28608,SYN-CUST-0200,Synthetic order
LE-000169,2026-09-08,payment,card,PAY-000168,EUR,7990,SYN-CUST-0217,Synthetic order
LE-000170,2026-09-08,payment,card,PAY-000169,EUR,29229,SYN-CUST-0131,Synthetic order
LE-000171,2026-09-08,refund,card,PAY-000066-R1,EUR,-7072,SYN-CUST-0198,Synthetic refund of PAY-000066
LE-000172,2026-09-09,payment,bank_transfer,PAY-000170,EUR,179955,SYN-CUST-0148,Synthetic invoice paid by bank transfer
LE-000173,2026-09-09,payment,bank_transfer,PAY-000171,EUR,109191,SYN-CUST-0102,Synthetic invoice paid by bank transfer
LE-000174,2026-09-09,payment,card,PAY-000172,EUR,25881,SYN-CUST-0352,Synthetic order
LE-000175,2026-09-09,payment,card,PAY-000173,EUR,8485,SYN-CUST-0354,Synthetic order
LE-000176,2026-09-09,payment,card,PAY-000174,EUR,15906,SYN-CUST-0061,Synthetic order
LE-000177,2026-09-09,payment,card,PAY-000175,EUR,33841,SYN-CUST-0141,Synthetic order
LE-000178,2026-09-09,payment,card,PAY-000176,EUR,30123,SYN-CUST-0068,Synthetic order
LE-000179,2026-09-09,payment,card,PAY-000177,EUR,36320,SYN-CUST-0296,Synthetic order
LE-000180,2026-09-09,payment,card,PAY-000178,EUR,14567,SYN-CUST-0378,Synthetic order
LE-000181,2026-09-09,payment,card,PAY-000179,EUR,17677,SYN-CUST-0213,Synthetic order
LE-000182,2026-09-09,payment,card,PAY-000180,EUR,5792,SYN-CUST-0344,Synthetic order
LE-000183,2026-09-09,payment,card,PAY-000181,EUR,39088,SYN-CUST-0106,Synthetic order
LE-000184,2026-09-09,payment,card,PAY-000182,EUR,726,SYN-CUST-0253,Synthetic order
LE-000185,2026-09-09,payment,card,PAY-000183,EUR,38216,SYN-CUST-0286,Synthetic order
LE-000186,2026-09-09,payment,card,PAY-000184,EUR,27203,SYN-CUST-0164,Synthetic order
LE-000187,2026-09-09,payment,card,PAY-000185,EUR,18781,SYN-CUST-0340,Synthetic order
LE-000188,2026-09-09,payment,card,PAY-000186,EUR,22225,SYN-CUST-0387,Synthetic order
LE-000189,2026-09-09,payment,card,PAY-000187,EUR,24376,SYN-CUST-0171,Synthetic order
LE-000190,2026-09-09,payment,card,PAY-000188,EUR,5105,SYN-CUST-0158,Synthetic order
LE-000191,2026-09-09,payment,card,PAY-000189,EUR,20328,SYN-CUST-0158,Synthetic order
LE-000192,2026-09-09,payment,card,PAY-000190,EUR,1323,SYN-CUST-0098,Synthetic order
LE-000193,2026-09-09,payment,card,PAY-000191,EUR,20543,SYN-CUST-0397,Synthetic order
LE-000194,2026-09-09,payment,card,PAY-000192,EUR,24829,SYN-CUST-0084,Synthetic order
LE-000195,2026-09-09,payment,card,PAY-000193,EUR,39316,SYN-CUST-0330,Synthetic order
LE-000196,2026-09-09,payment,card,PAY-000194,EUR,3126,SYN-CUST-0337,Synthetic order
LE-000197,2026-09-09,payment,card,PAY-000195,EUR,30469,SYN-CUST-0359,Synthetic order
LE-000198,2026-09-09,payment,card,PAY-000196,EUR,30412,SYN-CUST-0149,Synthetic order
LE-000199,2026-09-09,payment,card,PAY-000197,EUR,3369,SYN-CUST-0400,Synthetic order
LE-000200,2026-09-10,payment,bank_transfer,PAY-000198,EUR,248275,SYN-CUST-0381,Synthetic invoice paid by bank transfer
LE-000201,2026-09-10,payment,bank_transfer,PAY-000199,EUR,196275,SYN-CUST-0058,Synthetic invoice paid by bank transfer
LE-000202,2026-09-10,payment,card,PAY-000200,EUR,33228,SYN-CUST-0172,Synthetic order
LE-000203,2026-09-10,payment,card,PAY-000201,EUR,14735,SYN-CUST-0031,Synthetic order
LE-000204,2026-09-10,payment,card,PAY-000202,EUR,797,SYN-CUST-0199,Synthetic order
LE-000205,2026-09-10,payment,card,PAY-000203,EUR,24815,SYN-CUST-0208,Synthetic order
LE-000206,2026-09-10,payment,card,PAY-000204,EUR,23722,SYN-CUST-0182,Synthetic order
LE-000207,2026-09-10,payment,card,PAY-000205,EUR,29986,SYN-CUST-0194,Synthetic order
LE-000208,2026-09-10,payment,card,PAY-000206,EUR,23889,SYN-CUST-0185,Synthetic order
LE-000209,2026-09-10,payment,card,PAY-000207,EUR,22844,SYN-CUST-0374,Synthetic order
LE-000210,2026-09-10,payment,card,PAY-000208,EUR,9659,SYN-CUST-0008,Synthetic order
LE-000211,2026-09-10,payment,card,PAY-000209,EUR,4624,SYN-CUST-0367,Synthetic order
LE-000212,2026-09-10,payment,card,PAY-000210,EUR,16652,SYN-CUST-0118,Synthetic order
LE-000213,2026-09-10,payment,card,PAY-000211,EUR,8526,SYN-CUST-0323,Synthetic order
LE-000214,2026-09-10,payment,card,PAY-000212,EUR,21111,SYN-CUST-0053,Synthetic order
LE-000215,2026-09-10,payment,card,PAY-000213,EUR,1265,SYN-CUST-0102,Synthetic order
LE-000216,2026-09-10,payment,card,PAY-000214,EUR,3287,SYN-CUST-0140,Synthetic order
LE-000217,2026-09-10,payment,card,PAY-000215,EUR,1476,SYN-CUST-0177,Synthetic order
LE-000218,2026-09-10,payment,card,PAY-000216,EUR,27736,SYN-CUST-0036,Synthetic order
LE-000219,2026-09-10,payment,card,PAY-000217,EUR,5817,SYN-CUST-0267,Synthetic order
LE-000220,2026-09-10,payment,card,PAY-000218,EUR,36042,SYN-CUST-0126,Synthetic order
LE-000221,2026-09-10,payment,card,PAY-000219,EUR,12005,SYN-CUST-0206,Synthetic order
LE-000222,2026-09-10,payment,card,PAY-000220,EUR,37843,SYN-CUST-0395,Synthetic order
LE-000223,2026-09-10,payment,card,PAY-000221,EUR,22927,SYN-CUST-0092,Synthetic order
LE-000224,2026-09-10,payment,card,PAY-000222,EUR,19923,SYN-CUST-0228,Synthetic order
LE-000225,2026-09-10,payment,card,PAY-000223,EUR,18545,SYN-CUST-0200,Synthetic order
LE-000226,2026-09-10,payment,card,PAY-000224,EUR,1398,SYN-CUST-0032,Synthetic order
LE-000227,2026-09-10,payment,card,PAY-000225,EUR,6840,SYN-CUST-0149,Synthetic order
LE-000228,2026-09-10,payment,card,PAY-000226,EUR,10419,SYN-CUST-0277,Synthetic order
LE-000229,2026-09-10,payment,card,PAY-000227,EUR,10537,SYN-CUST-0349,Synthetic order
LE-000230,2026-09-10,payment,card,PAY-000228,EUR,16364,SYN-CUST-0007,Synthetic order
LE-000231,2026-09-10,payment,card,PAY-000229,EUR,30543,SYN-CUST-0388,Synthetic order
LE-000232,2026-09-11,payment,bank_transfer,PAY-000230,EUR,62724,SYN-CUST-0280,Synthetic invoice paid by bank transfer
LE-000233,2026-09-11,payment,bank_transfer,PAY-000231,EUR,128985,SYN-CUST-0025,Synthetic invoice paid by bank transfer
LE-000234,2026-09-11,payment,bank_transfer,PAY-000232,EUR,63698,SYN-CUST-0007,Synthetic invoice paid by bank transfer
LE-000235,2026-09-11,payment,card,PAY-000233,EUR,18891,SYN-CUST-0286,Synthetic order
LE-000236,2026-09-11,payment,card,PAY-000234,EUR,29976,SYN-CUST-0337,Synthetic order
LE-000237,2026-09-11,payment,card,PAY-000235,EUR,30471,SYN-CUST-0107,Synthetic order
LE-000238,2026-09-11,payment,card,PAY-000236,EUR,31545,SYN-CUST-0321,Synthetic order
LE-000239,2026-09-11,payment,card,PAY-000237,EUR,6362,SYN-CUST-0381,Synthetic order
LE-000240,2026-09-11,payment,card,PAY-000238,EUR,13558,SYN-CUST-0009,Synthetic order
LE-000241,2026-09-11,payment,card,PAY-000239,EUR,14160,SYN-CUST-0151,Synthetic order
LE-000242,2026-09-11,payment,card,PAY-000240,EUR,9706,SYN-CUST-0387,Synthetic order
LE-000243,2026-09-11,payment,card,PAY-000241,EUR,3947,SYN-CUST-0141,Synthetic order
LE-000244,2026-09-11,payment,card,PAY-000242,EUR,20001,SYN-CUST-0273,Synthetic order
LE-000245,2026-09-11,payment,card,PAY-000243,EUR,11239,SYN-CUST-0192,Synthetic order
LE-000246,2026-09-11,payment,card,PAY-000244,EUR,2550,SYN-CUST-0160,Synthetic order
LE-000247,2026-09-11,payment,card,PAY-000245,EUR,11113,SYN-CUST-0192,Synthetic order
LE-000248,2026-09-11,payment,card,PAY-000246,EUR,12658,SYN-CUST-0279,Synthetic order
LE-000249,2026-09-11,payment,card,PAY-000247,EUR,27867,SYN-CUST-0021,Synthetic order
LE-000250,2026-09-11,payment,card,PAY-000248,EUR,7106,SYN-CUST-0017,Synthetic order
LE-000251,2026-09-11,payment,card,PAY-000249,EUR,30409,SYN-CUST-0339,Synthetic order
LE-000252,2026-09-11,payment,card,PAY-000250,EUR,16959,SYN-CUST-0173,Synthetic order
LE-000253,2026-09-11,payment,card,PAY-000251,EUR,31754,SYN-CUST-0272,Synthetic order
LE-000254,2026-09-11,payment,card,PAY-000252,EUR,35997,SYN-CUST-0327,Synthetic order
LE-000255,2026-09-11,payment,card,PAY-000253,EUR,2014,SYN-CUST-0209,Synthetic order
LE-000256,2026-09-11,payment,card,PAY-000254,EUR,1798,SYN-CUST-0329,Synthetic order
LE-000257,2026-09-11,payment,card,PAY-000255,EUR,35978,SYN-CUST-0271,Synthetic order
LE-000258,2026-09-11,payment,card,PAY-000256,EUR,544,SYN-CUST-0313,Synthetic order
LE-000259,2026-09-11,payment,card,PAY-000270,EUR,4706,SYN-CUST-0363,Synthetic order
LE-000260,2026-09-11,refund,card,PAY-000018-R1,EUR,-7140,SYN-CUST-0148,Synthetic refund of PAY-000018
LE-000261,2026-09-12,payment,bank_transfer,PAY-000257,EUR,25667,SYN-CUST-0105,Synthetic invoice paid by bank transfer
LE-000262,2026-09-12,payment,bank_transfer,PAY-000258,EUR,123657,SYN-CUST-0049,Synthetic invoice paid by bank transfer
LE-000263,2026-09-12,payment,card,PAY-000259,EUR,30800,SYN-CUST-0244,Synthetic order
LE-000264,2026-09-12,payment,card,PAY-000260,EUR,30869,SYN-CUST-0326,Synthetic order
LE-000265,2026-09-12,payment,card,PAY-000261,EUR,2609,SYN-CUST-0104,Synthetic order
LE-000266,2026-09-12,payment,card,PAY-000262,EUR,4945,SYN-CUST-0089,Synthetic order
LE-000267,2026-09-12,payment,card,PAY-000263,EUR,30621,SYN-CUST-0122,Synthetic order
LE-000268,2026-09-12,payment,card,PAY-000264,EUR,34078,SYN-CUST-0051,Synthetic order
LE-000269,2026-09-12,payment,card,PAY-000265,EUR,18018,SYN-CUST-0021,Synthetic order
LE-000270,2026-09-12,payment,card,PAY-000266,EUR,8900,SYN-CUST-0320,Synthetic order
LE-000271,2026-09-12,payment,card,PAY-000267,EUR,28496,SYN-CUST-0044,Synthetic order
LE-000272,2026-09-12,payment,card,PAY-000268,EUR,15271,SYN-CUST-0087,Synthetic order
LE-000273,2026-09-12,payment,card,PAY-000269,EUR,21398,SYN-CUST-0279,Synthetic order
LE-000274,2026-09-12,payment,card,PAY-000271,EUR,19035,SYN-CUST-0201,Synthetic order
LE-000275,2026-09-12,payment,card,PAY-000272,EUR,10196,SYN-CUST-0120,Synthetic order
LE-000276,2026-09-13,payment,bank_transfer,PAY-000273,EUR,39731,SYN-CUST-0365,Synthetic invoice paid by bank transfer
LE-000277,2026-09-13,payment,bank_transfer,PAY-000274,EUR,230969,SYN-CUST-0175,Synthetic invoice paid by bank transfer
LE-000278,2026-09-13,payment,card,PAY-000275,EUR,31685,SYN-CUST-0185,Synthetic order
LE-000279,2026-09-14,payment,bank_transfer,PAY-000276,EUR,69790,SYN-CUST-0082,Synthetic invoice paid by bank transfer
LE-000280,2026-09-14,payment,bank_transfer,PAY-000277,EUR,56238,SYN-CUST-0269,Synthetic invoice paid by bank transfer
LE-000281,2026-09-14,payment,card,PAY-000278,EUR,23759,SYN-CUST-0298,Synthetic order
LE-000282,2026-09-14,payment,card,PAY-000279,EUR,1720,SYN-CUST-0187,Synthetic order
LE-000283,2026-09-14,payment,card,PAY-000280,EUR,15494,SYN-CUST-0109,Synthetic order
LE-000284,2026-09-14,payment,card,PAY-000281,EUR,24764,SYN-CUST-0400,Synthetic order
LE-000285,2026-09-14,payment,card,PAY-000282,EUR,39670,SYN-CUST-0215,Synthetic order
LE-000286,2026-09-14,payment,card,PAY-000283,EUR,22107,SYN-CUST-0313,Synthetic order
LE-000287,2026-09-14,payment,card,PAY-000284,EUR,6060,SYN-CUST-0033,Synthetic order
LE-000288,2026-09-14,payment,card,PAY-000285,EUR,17770,SYN-CUST-0241,Synthetic order
LE-000289,2026-09-14,payment,card,PAY-000286,EUR,26595,SYN-CUST-0131,Synthetic order
LE-000290,2026-09-15,payment,bank_transfer,PAY-000287,EUR,169379,SYN-CUST-0037,Synthetic invoice paid by bank transfer
LE-000291,2026-09-15,payment,card,PAY-000288,EUR,31710,SYN-CUST-0166,Synthetic order
LE-000292,2026-09-15,payment,card,PAY-000289,EUR,21000,SYN-CUST-0222,Synthetic order
LE-000293,2026-09-15,payment,card,PAY-000290,EUR,32643,SYN-CUST-0371,Synthetic order
LE-000294,2026-09-15,payment,card,PAY-000291,EUR,13223,SYN-CUST-0127,Synthetic order
LE-000295,2026-09-15,payment,card,PAY-000292,EUR,39037,SYN-CUST-0285,Synthetic order
LE-000296,2026-09-15,payment,card,PAY-000293,EUR,6294,SYN-CUST-0107,Synthetic order
LE-000297,2026-09-15,payment,card,PAY-000294,EUR,19305,SYN-CUST-0209,Synthetic order
LE-000298,2026-09-15,payment,card,PAY-000295,EUR,9308,SYN-CUST-0180,Synthetic order
LE-000299,2026-09-15,payment,card,PAY-000296,EUR,3325,SYN-CUST-0018,Synthetic order
LE-000300,2026-09-15,payment,card,PAY-000297,EUR,12070,SYN-CUST-0236,Synthetic order
LE-000301,2026-09-15,payment,card,PAY-000298,EUR,13302,SYN-CUST-0285,Synthetic order
LE-000302,2026-09-15,payment,card,PAY-000299,EUR,31539,SYN-CUST-0242,Synthetic order
LE-000303,2026-09-15,payment,card,PAY-000300,EUR,34143,SYN-CUST-0117,Synthetic order
LE-000304,2026-09-15,payment,card,PAY-000301,EUR,24169,SYN-CUST-0183,Synthetic order
LE-000305,2026-09-15,payment,card,PAY-000302,EUR,26489,SYN-CUST-0390,Synthetic order
LE-000306,2026-09-15,payment,card,PAY-000303,EUR,26428,SYN-CUST-0167,Synthetic order
LE-000307,2026-09-15,payment,card,PAY-000304,EUR,19073,SYN-CUST-0359,Synthetic order
LE-000308,2026-09-15,payment,card,PAY-000305,EUR,2321,SYN-CUST-0115,Synthetic order
LE-000309,2026-09-15,payment,card,PAY-000306,EUR,1571,SYN-CUST-0338,Synthetic order
LE-000310,2026-09-15,payment,card,PAY-000307,EUR,17085,SYN-CUST-0126,Synthetic order
LE-000311,2026-09-15,payment,card,PAY-000308,EUR,12714,SYN-CUST-0138,Synthetic order
LE-000312,2026-09-15,payment,card,PAY-000309,EUR,23479,SYN-CUST-0218,Synthetic order
LE-000313,2026-09-15,payment,card,PAY-000310,EUR,14245,SYN-CUST-0205,Synthetic order
LE-000314,2026-09-15,refund,card,PAY-000162-R1,EUR,-13564,SYN-CUST-0274,Synthetic refund of PAY-000162
LE-000315,2026-09-16,payment,bank_transfer,PAY-000311,EUR,32146,SYN-CUST-0288,Synthetic invoice paid by bank transfer
LE-000316,2026-09-16,payment,card,PAY-000312,EUR,16597,SYN-CUST-0309,Synthetic order
LE-000317,2026-09-16,payment,card,PAY-000313,EUR,14623,SYN-CUST-0081,Synthetic order
LE-000318,2026-09-16,payment,card,PAY-000314,EUR,31663,SYN-CUST-0160,Synthetic order
LE-000319,2026-09-16,payment,card,PAY-000315,EUR,18414,SYN-CUST-0350,Synthetic order
LE-000320,2026-09-16,payment,card,PAY-000316,EUR,728,SYN-CUST-0088,Synthetic order
LE-000321,2026-09-16,payment,card,PAY-000317,EUR,4642,SYN-CUST-0164,Synthetic order
LE-000322,2026-09-16,payment,card,PAY-000318,EUR,23114,SYN-CUST-0375,Synthetic order
LE-000323,2026-09-16,payment,card,PAY-000319,EUR,19080,SYN-CUST-0034,Synthetic order
LE-000324,2026-09-16,payment,card,PAY-000320,EUR,37036,SYN-CUST-0045,Synthetic order
LE-000325,2026-09-16,payment,card,PAY-000321,EUR,14153,SYN-CUST-0216,Synthetic order
LE-000326,2026-09-16,payment,card,PAY-000322,EUR,11929,SYN-CUST-0017,Synthetic order
LE-000327,2026-09-16,payment,card,PAY-000323,EUR,39013,SYN-CUST-0369,Synthetic order
LE-000328,2026-09-16,payment,card,PAY-000324,EUR,5745,SYN-CUST-0272,Synthetic order
LE-000329,2026-09-16,payment,card,PAY-000325,EUR,25334,SYN-CUST-0076,Synthetic order
LE-000330,2026-09-16,payment,card,PAY-000326,EUR,39191,SYN-CUST-0345,Synthetic order
LE-000331,2026-09-16,payment,card,PAY-000327,EUR,29802,SYN-CUST-0361,Synthetic order
LE-000332,2026-09-16,payment,card,PAY-000328,EUR,32425,SYN-CUST-0392,Synthetic order
LE-000333,2026-09-16,payment,card,PAY-000329,EUR,36015,SYN-CUST-0103,Synthetic order
LE-000334,2026-09-16,payment,card,PAY-000330,EUR,13166,SYN-CUST-0285,Synthetic order
LE-000335,2026-09-16,payment,card,PAY-000331,EUR,7373,SYN-CUST-0093,Synthetic order
LE-000336,2026-09-16,payment,card,PAY-000332,EUR,11187,SYN-CUST-0224,Synthetic order
LE-000337,2026-09-16,payment,card,PAY-000333,EUR,26925,SYN-CUST-0287,Synthetic order
LE-000338,2026-09-16,payment,card,PAY-000334,EUR,26658,SYN-CUST-0072,Synthetic order
LE-000339,2026-09-16,payment,card,PAY-000335,EUR,4129,SYN-CUST-0119,Synthetic order
LE-000340,2026-09-16,payment,card,PAY-000336,EUR,26629,SYN-CUST-0285,Synthetic order
LE-000341,2026-09-16,payment,card,PAY-000337,EUR,39712,SYN-CUST-0174,Synthetic order
LE-000342,2026-09-16,payment,card,PAY-000338,EUR,6110,SYN-CUST-0002,Synthetic order
LE-000343,2026-09-16,payment,card,PAY-000339,EUR,8980,SYN-CUST-0292,Synthetic order
LE-000344,2026-09-16,payment,card,PAY-000340,EUR,2435,SYN-CUST-0067,Synthetic order
LE-000345,2026-09-16,payment,card,PAY-000341,EUR,37622,SYN-CUST-0155,Synthetic order
LE-000346,2026-09-16,payment,card,PAY-000342,EUR,18238,SYN-CUST-0277,Synthetic order
LE-000347,2026-09-16,payment,card,PAY-000343,EUR,32005,SYN-CUST-0165,Synthetic order
LE-000348,2026-09-16,payment,card,PAY-000344,EUR,14522,SYN-CUST-0369,Synthetic order
LE-000349,2026-09-16,payment,card,PAY-000345,EUR,20482,SYN-CUST-0221,Synthetic order
LE-000350,2026-09-16,payment,card,PAY-000346,EUR,20139,SYN-CUST-0022,Synthetic order
LE-000351,2026-09-16,payment,card,PAY-000347,EUR,22114,SYN-CUST-0058,Synthetic order
LE-000352,2026-09-16,payment,card,PAY-000348,EUR,32706,SYN-CUST-0018,Synthetic order
LE-000353,2026-09-16,payment,card,PAY-000349,EUR,19424,SYN-CUST-0120,Synthetic order
LE-000354,2026-09-16,payment,card,PAY-000350,EUR,4883,SYN-CUST-0069,Synthetic order
LE-000355,2026-09-16,payment,card,PAY-000351,EUR,36441,SYN-CUST-0084,Synthetic order
LE-000356,2026-09-16,payment,card,PAY-000352,EUR,30641,SYN-CUST-0236,Synthetic order
LE-000357,2026-09-16,payment,card,PAY-000353,EUR,34449,SYN-CUST-0146,Synthetic order
LE-000358,2026-09-16,payment,card,PAY-000354,EUR,23859,SYN-CUST-0292,Synthetic order
LE-000359,2026-09-16,payment,card,PAY-000355,EUR,15530,SYN-CUST-0154,Synthetic order
LE-000360,2026-09-16,payment,card,PAY-000356,EUR,5866,SYN-CUST-0012,Synthetic order
LE-000361,2026-09-16,payment,card,PAY-000357,EUR,39011,SYN-CUST-0292,Synthetic order
LE-000362,2026-09-16,payment,card,PAY-000358,EUR,20183,SYN-CUST-0033,Synthetic order
LE-000363,2026-09-16,payment,card,PAY-000359,EUR,36386,SYN-CUST-0376,Synthetic order
LE-000364,2026-09-16,payment,card,PAY-000360,EUR,39368,SYN-CUST-0172,Synthetic order
LE-000365,2026-09-16,payment,card,PAY-000361,EUR,2163,SYN-CUST-0033,Synthetic order
LE-000366,2026-09-17,payment,bank_transfer,PAY-000362,EUR,47319,SYN-CUST-0184,Synthetic invoice paid by bank transfer
LE-000367,2026-09-17,payment,card,PAY-000363,EUR,18332,SYN-CUST-0015,Synthetic order
LE-000368,2026-09-17,payment,card,PAY-000364,EUR,8118,SYN-CUST-0075,Synthetic order
LE-000369,2026-09-17,payment,card,PAY-000365,EUR,4558,SYN-CUST-0012,Synthetic order
LE-000370,2026-09-17,payment,card,PAY-000366,EUR,11573,SYN-CUST-0345,Synthetic order
LE-000371,2026-09-17,payment,card,PAY-000367,EUR,7604,SYN-CUST-0370,Synthetic order
LE-000372,2026-09-17,payment,card,PAY-000368,EUR,37723,SYN-CUST-0299,Synthetic order
LE-000373,2026-09-17,payment,card,PAY-000369,EUR,37311,SYN-CUST-0337,Synthetic order
LE-000374,2026-09-17,payment,card,PAY-000370,EUR,25435,SYN-CUST-0276,Synthetic order
LE-000375,2026-09-17,payment,card,PAY-000371,EUR,22308,SYN-CUST-0233,Synthetic order
LE-000376,2026-09-17,payment,card,PAY-000372,EUR,17036,SYN-CUST-0091,Synthetic order
LE-000377,2026-09-17,payment,card,PAY-000373,EUR,22673,SYN-CUST-0213,Synthetic order
LE-000378,2026-09-17,payment,card,PAY-000374,EUR,24606,SYN-CUST-0256,Synthetic order
LE-000379,2026-09-17,payment,card,PAY-000375,EUR,37392,SYN-CUST-0017,Synthetic order
LE-000380,2026-09-17,payment,card,PAY-000376,EUR,10805,SYN-CUST-0003,Synthetic order
LE-000381,2026-09-17,payment,card,PAY-000377,EUR,5462,SYN-CUST-0335,Synthetic order
LE-000382,2026-09-17,payment,card,PAY-000378,EUR,16871,SYN-CUST-0135,Synthetic order
LE-000383,2026-09-17,payment,card,PAY-000379,EUR,11907,SYN-CUST-0064,Synthetic order
LE-000384,2026-09-17,payment,card,PAY-000380,EUR,11008,SYN-CUST-0340,Synthetic order
LE-000385,2026-09-17,payment,card,PAY-000381,EUR,26170,SYN-CUST-0078,Synthetic order
LE-000386,2026-09-17,payment,card,PAY-000382,EUR,30288,SYN-CUST-0308,Synthetic order
LE-000387,2026-09-17,payment,card,PAY-000383,EUR,26566,SYN-CUST-0310,Synthetic order
LE-000388,2026-09-17,payment,card,PAY-000384,EUR,8489,SYN-CUST-0129,Synthetic order
LE-000389,2026-09-17,payment,card,PAY-000385,EUR,6119,SYN-CUST-0090,Synthetic order
LE-000390,2026-09-17,payment,card,PAY-000386,EUR,29745,SYN-CUST-0353,Synthetic order
LE-000391,2026-09-17,payment,card,PAY-000387,EUR,1380,SYN-CUST-0057,Synthetic order
LE-000392,2026-09-17,payment,card,PAY-000388,EUR,21915,SYN-CUST-0273,Synthetic order
LE-000393,2026-09-17,payment,card,PAY-000389,EUR,34435,SYN-CUST-0023,Synthetic order
LE-000394,2026-09-17,payment,card,PAY-000390,EUR,10987,SYN-CUST-0294,Synthetic order
LE-000395,2026-09-17,refund,card,PAY-000091-R1,EUR,-5439,SYN-CUST-0275,Synthetic refund of PAY-000091
LE-000396,2026-09-18,payment,bank_transfer,PAY-000391,EUR,244871,SYN-CUST-0239,Synthetic invoice paid by bank transfer
LE-000397,2026-09-18,payment,bank_transfer,PAY-000392,EUR,179477,SYN-CUST-0199,Synthetic invoice paid by bank transfer
LE-000398,2026-09-18,payment,card,PAY-000393,EUR,33479,SYN-CUST-0065,Synthetic order
LE-000399,2026-09-18,payment,card,PAY-000394,EUR,36584,SYN-CUST-0058,Synthetic order
LE-000400,2026-09-18,payment,card,PAY-000395,EUR,25063,SYN-CUST-0186,Synthetic order
LE-000401,2026-09-18,payment,card,PAY-000396,EUR,14321,SYN-CUST-0182,Synthetic order
LE-000402,2026-09-18,payment,card,PAY-000397,EUR,15300,SYN-CUST-0223,Synthetic order
LE-000403,2026-09-18,payment,card,PAY-000398,EUR,26616,SYN-CUST-0037,Synthetic order
LE-000404,2026-09-18,payment,card,PAY-000399,EUR,2056,SYN-CUST-0081,Synthetic order
LE-000405,2026-09-18,payment,card,PAY-000400,EUR,22103,SYN-CUST-0194,Synthetic order
LE-000406,2026-09-18,payment,card,PAY-000401,EUR,5366,SYN-CUST-0196,Synthetic order
LE-000407,2026-09-18,payment,card,PAY-000402,EUR,27793,SYN-CUST-0056,Synthetic order
LE-000408,2026-09-18,payment,card,PAY-000403,EUR,32159,SYN-CUST-0173,Synthetic order
LE-000409,2026-09-18,payment,card,PAY-000404,EUR,14248,SYN-CUST-0279,Synthetic order
LE-000410,2026-09-18,payment,card,PAY-000405,EUR,7091,SYN-CUST-0324,Synthetic order
LE-000411,2026-09-19,payment,bank_transfer,PAY-000406,EUR,110521,SYN-CUST-0363,Synthetic invoice paid by bank transfer
LE-000412,2026-09-19,payment,card,PAY-000407,EUR,20247,SYN-CUST-0092,Synthetic order
LE-000413,2026-09-19,payment,card,PAY-000408,EUR,6879,SYN-CUST-0241,Synthetic order
LE-000414,2026-09-19,payment,card,PAY-000409,EUR,8722,SYN-CUST-0059,Synthetic order
LE-000415,2026-09-19,payment,card,PAY-000410,EUR,15004,SYN-CUST-0019,Synthetic order
LE-000416,2026-09-19,payment,card,PAY-000411,EUR,22444,SYN-CUST-0225,Synthetic order
LE-000417,2026-09-19,payment,card,PAY-000412,EUR,33170,SYN-CUST-0286,Synthetic order
LE-000418,2026-09-19,payment,card,PAY-000413,EUR,32792,SYN-CUST-0235,Synthetic order
LE-000419,2026-09-19,payment,card,PAY-000414,EUR,29944,SYN-CUST-0300,Synthetic order
LE-000420,2026-09-19,payment,card,PAY-000415,EUR,34780,SYN-CUST-0062,Synthetic order
LE-000421,2026-09-19,payment,card,PAY-000416,EUR,18493,SYN-CUST-0335,Synthetic order
LE-000422,2026-09-19,payment,card,PAY-000417,EUR,7945,SYN-CUST-0318,Synthetic order
LE-000423,2026-09-19,payment,card,PAY-000418,EUR,12652,SYN-CUST-0160,Synthetic order
LE-000424,2026-09-19,payment,card,PAY-000419,EUR,32182,SYN-CUST-0014,Synthetic order
LE-000425,2026-09-19,payment,card,PAY-000420,EUR,19993,SYN-CUST-0093,Synthetic order
LE-000426,2026-09-19,payment,card,PAY-000421,EUR,4426,SYN-CUST-0078,Synthetic order
LE-000427,2026-09-19,payment,card,PAY-000422,EUR,12270,SYN-CUST-0116,Synthetic order
LE-000428,2026-09-19,payment,card,PAY-000423,EUR,21183,SYN-CUST-0116,Synthetic order
LE-000429,2026-09-19,payment,card,PAY-000424,EUR,31975,SYN-CUST-0098,Synthetic order
LE-000430,2026-09-20,payment,bank_transfer,PAY-000425,EUR,84540,SYN-CUST-0321,Synthetic invoice paid by bank transfer
LE-000431,2026-09-20,payment,bank_transfer,PAY-000426,EUR,89187,SYN-CUST-0205,Synthetic invoice paid by bank transfer
LE-000432,2026-09-20,payment,bank_transfer,PAY-000427,EUR,68907,SYN-CUST-0267,Synthetic invoice paid by bank transfer
LE-000433,2026-09-20,payment,card,PAY-000428,EUR,30993,SYN-CUST-0360,Synthetic order
LE-000434,2026-09-21,payment,card,PAY-000429,EUR,24513,SYN-CUST-0083,Synthetic order
LE-000435,2026-09-21,payment,card,PAY-000430,EUR,34942,SYN-CUST-0097,Synthetic order
LE-000436,2026-09-21,payment,card,PAY-000431,EUR,15053,SYN-CUST-0088,Synthetic order
LE-000437,2026-09-21,payment,card,PAY-000432,EUR,28393,SYN-CUST-0121,Synthetic order
LE-000438,2026-09-21,payment,card,PAY-000433,EUR,12535,SYN-CUST-0075,Synthetic order
LE-000439,2026-09-21,payment,card,PAY-000434,EUR,16259,SYN-CUST-0140,Synthetic order
LE-000440,2026-09-21,payment,card,PAY-000435,EUR,2870,SYN-CUST-0101,Synthetic order
LE-000441,2026-09-21,payment,card,PAY-000436,EUR,5020,SYN-CUST-0045,Synthetic order
LE-000442,2026-09-21,payment,card,PAY-000437,EUR,9160,SYN-CUST-0092,Synthetic order
LE-000443,2026-09-21,payment,card,PAY-000438,EUR,24995,SYN-CUST-0395,Synthetic order
LE-000444,2026-09-21,payment,card,PAY-000439,EUR,17701,SYN-CUST-0363,Synthetic order
LE-000445,2026-09-21,payment,card,PAY-000440,EUR,963,SYN-CUST-0062,Synthetic order
LE-000446,2026-09-21,payment,card,PAY-000441,EUR,38111,SYN-CUST-0283,Synthetic order
LE-000447,2026-09-21,payment,card,PAY-000442,EUR,17147,SYN-CUST-0170,Synthetic order
LE-000448,2026-09-21,payment,card,PAY-000443,EUR,28282,SYN-CUST-0384,Synthetic order
LE-000449,2026-09-21,payment,card,PAY-000444,EUR,33983,SYN-CUST-0306,Synthetic order
LE-000450,2026-09-21,payment,card,PAY-000445,EUR,21642,SYN-CUST-0199,Synthetic order
LE-000451,2026-09-21,payment,card,PAY-000446,EUR,22055,SYN-CUST-0250,Synthetic order
LE-000452,2026-09-21,payment,card,PAY-000447,EUR,17341,SYN-CUST-0245,Synthetic order
LE-000453,2026-09-21,payment,card,PAY-000448,EUR,23529,SYN-CUST-0025,Synthetic order
LE-000454,2026-09-21,payment,card,PAY-000449,EUR,16397,SYN-CUST-0024,Synthetic order
LE-000455,2026-09-21,payment,card,PAY-000450,EUR,30810,SYN-CUST-0388,Synthetic order
LE-000456,2026-09-21,payment,card,PAY-000451,EUR,37906,SYN-CUST-0139,Synthetic order
LE-000457,2026-09-21,payment,card,PAY-000452,EUR,31982,SYN-CUST-0342,Synthetic order
LE-000458,2026-09-21,payment,card,PAY-000453,EUR,21437,SYN-CUST-0224,Synthetic order
LE-000459,2026-09-21,payment,card,PAY-000454,EUR,29824,SYN-CUST-0170,Synthetic order
LE-000460,2026-09-21,payment,card,PAY-000455,EUR,24179,SYN-CUST-0205,Synthetic order
LE-000461,2026-09-21,payment,card,PAY-000456,EUR,23977,SYN-CUST-0224,Synthetic order
LE-000462,2026-09-21,payment,card,PAY-000477,EUR,2673,SYN-CUST-0319,Synthetic order
LE-000463,2026-09-22,payment,bank_transfer,PAY-000457,EUR,173500,SYN-CUST-0198,Synthetic invoice paid by bank transfer
LE-000464,2026-09-22,payment,card,PAY-000458,EUR,20072,SYN-CUST-0033,Synthetic order
LE-000465,2026-09-22,payment,card,PAY-000459,EUR,4850,SYN-CUST-0209,Synthetic order
LE-000466,2026-09-22,payment,card,PAY-000460,EUR,35723,SYN-CUST-0386,Synthetic order
LE-000467,2026-09-22,payment,card,PAY-000461,EUR,16253,SYN-CUST-0076,Synthetic order
LE-000468,2026-09-22,payment,card,PAY-000462,EUR,37989,SYN-CUST-0004,Synthetic order
LE-000469,2026-09-22,payment,card,PAY-000463,EUR,12002,SYN-CUST-0380,Synthetic order
LE-000470,2026-09-22,payment,card,PAY-000464,EUR,31655,SYN-CUST-0252,Synthetic order
LE-000471,2026-09-22,payment,card,PAY-000465,EUR,7821,SYN-CUST-0399,Synthetic order
LE-000472,2026-09-22,payment,card,PAY-000466,EUR,10644,SYN-CUST-0318,Synthetic order
LE-000473,2026-09-22,payment,card,PAY-000467,EUR,9842,SYN-CUST-0326,Synthetic order
LE-000474,2026-09-22,payment,card,PAY-000468,EUR,33091,SYN-CUST-0146,Synthetic order
LE-000475,2026-09-22,payment,card,PAY-000469,EUR,7599,SYN-CUST-0176,Synthetic order
LE-000476,2026-09-22,payment,card,PAY-000470,EUR,8697,SYN-CUST-0168,Synthetic order
LE-000477,2026-09-22,payment,card,PAY-000471,EUR,27397,SYN-CUST-0377,Synthetic order
LE-000478,2026-09-22,payment,card,PAY-000472,EUR,9223,SYN-CUST-0371,Synthetic order
LE-000479,2026-09-22,payment,card,PAY-000473,EUR,16553,SYN-CUST-0216,Synthetic order
LE-000480,2026-09-22,payment,card,PAY-000474,EUR,27222,SYN-CUST-0149,Synthetic order
LE-000481,2026-09-22,payment,card,PAY-000475,EUR,23024,SYN-CUST-0316,Synthetic order
LE-000482,2026-09-22,payment,card,PAY-000476,EUR,13012,SYN-CUST-0015,Synthetic order
LE-000483,2026-09-22,payment,card,PAY-000478,EUR,22691,SYN-CUST-0213,Synthetic order
LE-000484,2026-09-22,payment,card,PAY-000479,EUR,3339,SYN-CUST-0170,Synthetic order
LE-000485,2026-09-22,payment,card,PAY-000480,EUR,11254,SYN-CUST-0284,Synthetic order
LE-000486,2026-09-22,payment,card,PAY-000481,EUR,1274,SYN-CUST-0151,Synthetic order
LE-000487,2026-09-23,payment,bank_transfer,PAY-000482,EUR,14933,SYN-CUST-0055,Synthetic invoice paid by bank transfer
LE-000488,2026-09-23,payment,bank_transfer,PAY-000483,EUR,39407,SYN-CUST-0047,Synthetic invoice paid by bank transfer
LE-000489,2026-09-23,payment,card,PAY-000484,EUR,2719,SYN-CUST-0227,Synthetic order
LE-000490,2026-09-23,payment,card,PAY-000485,EUR,14897,SYN-CUST-0008,Synthetic order
LE-000491,2026-09-23,payment,card,PAY-000486,EUR,14152,SYN-CUST-0375,Synthetic order
LE-000492,2026-09-23,payment,card,PAY-000487,EUR,1599,SYN-CUST-0300,Synthetic order
LE-000493,2026-09-23,payment,card,PAY-000488,EUR,32114,SYN-CUST-0046,Synthetic order
LE-000494,2026-09-23,payment,card,PAY-000489,EUR,22918,SYN-CUST-0058,Synthetic order
LE-000495,2026-09-23,payment,card,PAY-000490,EUR,8630,SYN-CUST-0377,Synthetic order
LE-000496,2026-09-23,payment,card,PAY-000491,EUR,20410,SYN-CUST-0388,Synthetic order
LE-000497,2026-09-23,payment,card,PAY-000492,EUR,19437,SYN-CUST-0268,Synthetic order
LE-000498,2026-09-23,payment,card,PAY-000493,EUR,14424,SYN-CUST-0359,Synthetic order
LE-000499,2026-09-23,payment,card,PAY-000494,EUR,33675,SYN-CUST-0209,Synthetic order
LE-000500,2026-09-23,payment,card,PAY-000495,EUR,3831,SYN-CUST-0060,Synthetic order
LE-000501,2026-09-23,payment,card,PAY-000496,EUR,5254,SYN-CUST-0082,Synthetic order
LE-000502,2026-09-23,payment,card,PAY-000497,EUR,10296,SYN-CUST-0257,Synthetic order
LE-000503,2026-09-23,payment,card,PAY-000498,EUR,25661,SYN-CUST-0158,Synthetic order
LE-000504,2026-09-23,payment,card,PAY-000499,EUR,36225,SYN-CUST-0303,Synthetic order
LE-000505,2026-09-23,payment,card,PAY-000500,EUR,39274,SYN-CUST-0010,Synthetic order
LE-000506,2026-09-23,payment,card,PAY-000501,EUR,11520,SYN-CUST-0228,Synthetic order
LE-000507,2026-09-23,payment,card,PAY-000502,EUR,19385,SYN-CUST-0187,Synthetic order
LE-000508,2026-09-23,payment,card,PAY-000503,EUR,17884,SYN-CUST-0147,Synthetic order
LE-000509,2026-09-23,payment,card,PAY-000504,EUR,34859,SYN-CUST-0279,Synthetic order
LE-000510,2026-09-23,payment,card,PAY-000505,EUR,19695,SYN-CUST-0348,Synthetic order
LE-000511,2026-09-23,refund,card,PAY-000218-R1,EUR,-36042,SYN-CUST-0126,Synthetic refund of PAY-000218
LE-000512,2026-09-24,payment,bank_transfer,PAY-000506,EUR,189661,SYN-CUST-0351,Synthetic invoice paid by bank transfer
LE-000513,2026-09-24,payment,card,PAY-000507,EUR,22155,SYN-CUST-0062,Synthetic order
LE-000514,2026-09-24,payment,card,PAY-000508,EUR,5943,SYN-CUST-0240,Synthetic order
LE-000515,2026-09-24,payment,card,PAY-000509,EUR,35251,SYN-CUST-0394,Synthetic order
LE-000516,2026-09-24,payment,card,PAY-000510,EUR,24207,SYN-CUST-0243,Synthetic order
LE-000517,2026-09-24,payment,card,PAY-000511,EUR,4335,SYN-CUST-0136,Synthetic order
LE-000518,2026-09-24,payment,card,PAY-000512,EUR,36425,SYN-CUST-0081,Synthetic order
LE-000519,2026-09-24,payment,card,PAY-000513,EUR,34042,SYN-CUST-0362,Synthetic order
LE-000520,2026-09-24,payment,card,PAY-000514,EUR,13993,SYN-CUST-0345,Synthetic order
LE-000521,2026-09-24,payment,card,PAY-000515,EUR,12885,SYN-CUST-0026,Synthetic order
LE-000522,2026-09-24,payment,card,PAY-000516,EUR,26229,SYN-CUST-0125,Synthetic order
LE-000523,2026-09-24,payment,card,PAY-000517,EUR,22634,SYN-CUST-0135,Synthetic order
LE-000524,2026-09-24,payment,card,PAY-000518,EUR,23195,SYN-CUST-0196,Synthetic order
LE-000525,2026-09-24,payment,card,PAY-000519,EUR,29161,SYN-CUST-0141,Synthetic order
LE-000526,2026-09-24,payment,card,PAY-000520,EUR,37121,SYN-CUST-0104,Synthetic order
LE-000527,2026-09-24,payment,card,PAY-000520,EUR,37121,SYN-CUST-0104,Synthetic order
LE-000528,2026-09-24,payment,card,PAY-000521,EUR,11788,SYN-CUST-0288,Synthetic order
LE-000529,2026-09-24,payment,card,PAY-000522,EUR,29130,SYN-CUST-0013,Synthetic order
LE-000530,2026-09-24,payment,card,PAY-000523,EUR,27868,SYN-CUST-0230,Synthetic order
LE-000531,2026-09-24,payment,card,PAY-000524,EUR,4903,SYN-CUST-0269,Synthetic order
LE-000532,2026-09-24,payment,card,PAY-000525,EUR,13239,SYN-CUST-0231,Synthetic order
LE-000533,2026-09-24,payment,card,PAY-000526,EUR,21676,SYN-CUST-0113,Synthetic order
LE-000534,2026-09-24,payment,card,PAY-000527,EUR,36702,SYN-CUST-0395,Synthetic order
LE-000535,2026-09-24,payment,card,PAY-000528,EUR,17669,SYN-CUST-0119,Synthetic order
LE-000536,2026-09-24,payment,card,PAY-000529,EUR,23725,SYN-CUST-0046,Synthetic order
LE-000537,2026-09-24,payment,card,PAY-000530,EUR,17008,SYN-CUST-0050,Synthetic order
LE-000538,2026-09-24,payment,card,PAY-000531,EUR,28307,SYN-CUST-0161,Synthetic order
LE-000539,2026-09-24,payment,card,PAY-000532,EUR,15231,SYN-CUST-0391,Synthetic order
LE-000540,2026-09-24,payment,card,PAY-000533,EUR,1344,SYN-CUST-0289,Synthetic order
LE-000541,2026-09-24,payment,card,PAY-000534,EUR,19444,SYN-CUST-0107,Synthetic order
LE-000542,2026-09-24,payment,card,PAY-000535,EUR,32251,SYN-CUST-0292,Synthetic order
LE-000543,2026-09-24,payment,card,PAY-000536,EUR,6928,SYN-CUST-0193,Synthetic order
LE-000544,2026-09-24,payment,card,PAY-000554,EUR,31611,SYN-CUST-0195,Synthetic order
LE-000545,2026-09-25,payment,bank_transfer,PAY-000537,EUR,175063,SYN-CUST-0224,Synthetic invoice paid by bank transfer
LE-000546,2026-09-25,payment,card,PAY-000538,EUR,39008,SYN-CUST-0141,Synthetic order
LE-000547,2026-09-25,payment,card,PAY-000539,EUR,31943,SYN-CUST-0024,Synthetic order
LE-000548,2026-09-25,payment,card,PAY-000540,EUR,14636,SYN-CUST-0363,Synthetic order
LE-000549,2026-09-25,payment,card,PAY-000541,EUR,13455,SYN-CUST-0218,Synthetic order
LE-000550,2026-09-25,payment,card,PAY-000542,EUR,18040,SYN-CUST-0340,Synthetic order
LE-000551,2026-09-25,payment,card,PAY-000543,EUR,13604,SYN-CUST-0400,Synthetic order
LE-000552,2026-09-25,payment,card,PAY-000544,EUR,5849,SYN-CUST-0373,Synthetic order
LE-000553,2026-09-25,payment,card,PAY-000545,EUR,12508,SYN-CUST-0021,Synthetic order
LE-000554,2026-09-25,payment,card,PAY-000546,EUR,28931,SYN-CUST-0015,Synthetic order
LE-000555,2026-09-25,payment,card,PAY-000547,EUR,22655,SYN-CUST-0367,Synthetic order
LE-000556,2026-09-25,payment,card,PAY-000548,EUR,16412,SYN-CUST-0292,Synthetic order
LE-000557,2026-09-25,payment,card,PAY-000549,EUR,23012,SYN-CUST-0048,Synthetic order
LE-000558,2026-09-25,payment,card,PAY-000550,EUR,2560,SYN-CUST-0262,Synthetic order
LE-000559,2026-09-25,payment,card,PAY-000551,EUR,18366,SYN-CUST-0176,Synthetic order
LE-000560,2026-09-25,payment,card,PAY-000552,EUR,28562,SYN-CUST-0196,Synthetic order
LE-000561,2026-09-25,payment,card,PAY-000553,EUR,12043,SYN-CUST-0016,Synthetic order
LE-000562,2026-09-26,payment,bank_transfer,PAY-000555,EUR,220250,SYN-CUST-0387,Synthetic invoice paid by bank transfer
LE-000563,2026-09-26,payment,bank_transfer,PAY-000556,EUR,132135,SYN-CUST-0284,Synthetic invoice paid by bank transfer
LE-000564,2026-09-26,payment,card,PAY-000557,EUR,25931,SYN-CUST-0204,Synthetic order
LE-000565,2026-09-26,payment,card,PAY-000558,EUR,19151,SYN-CUST-0231,Synthetic order
LE-000566,2026-09-26,payment,card,PAY-000559,EUR,34598,SYN-CUST-0233,Synthetic order
LE-000567,2026-09-26,payment,card,PAY-000560,EUR,2421,SYN-CUST-0069,Synthetic order
LE-000568,2026-09-26,payment,card,PAY-000561,EUR,37676,SYN-CUST-0299,Synthetic order
LE-000569,2026-09-26,payment,card,PAY-000562,EUR,993,SYN-CUST-0029,Synthetic order
LE-000570,2026-09-26,payment,card,PAY-000563,EUR,8989,SYN-CUST-0237,Synthetic order
LE-000571,2026-09-26,payment,card,PAY-000564,EUR,35373,SYN-CUST-0183,Synthetic order
LE-000572,2026-09-26,payment,card,PAY-000565,EUR,17279,SYN-CUST-0055,Synthetic order
LE-000573,2026-09-26,payment,card,PAY-000566,EUR,16095,SYN-CUST-0307,Synthetic order
LE-000574,2026-09-26,payment,card,PAY-000567,EUR,3381,SYN-CUST-0032,Synthetic order
LE-000575,2026-09-26,payment,card,PAY-000568,EUR,21603,SYN-CUST-0088,Synthetic order
LE-000576,2026-09-26,payment,card,PAY-000569,EUR,32166,SYN-CUST-0220,Synthetic order
LE-000577,2026-09-26,payment,card,PAY-000570,EUR,21340,SYN-CUST-0040,Synthetic order
LE-000578,2026-09-26,payment,card,PAY-000571,EUR,36866,SYN-CUST-0388,Synthetic order
LE-000579,2026-09-26,payment,card,PAY-000572,EUR,39415,SYN-CUST-0312,Synthetic order
LE-000580,2026-09-26,payment,card,PAY-000573,EUR,13919,SYN-CUST-0035,Synthetic order
LE-000581,2026-09-26,payment,card,PAY-000574,EUR,4008,SYN-CUST-0188,Synthetic order
LE-000582,2026-09-26,payment,card,PAY-000575,EUR,35435,SYN-CUST-0202,Synthetic order
LE-000583,2026-09-26,payment,card,PAY-000576,EUR,24321,SYN-CUST-0293,Synthetic order
LE-000584,2026-09-26,payment,card,PAY-000577,EUR,30834,SYN-CUST-0260,Synthetic order
LE-000585,2026-09-26,payment,card,PAY-000578,EUR,23376,SYN-CUST-0071,Synthetic order
LE-000586,2026-09-26,payment,card,PAY-000579,EUR,16515,SYN-CUST-0367,Synthetic order
LE-000587,2026-09-26,payment,card,PAY-000580,EUR,25903,SYN-CUST-0376,Synthetic order
LE-000588,2026-09-26,payment,card,PAY-000581,EUR,14052,SYN-CUST-0180,Synthetic order
LE-000589,2026-09-26,payment,card,PAY-000582,EUR,31938,SYN-CUST-0318,Synthetic order
LE-000590,2026-09-26,payment,card,PAY-000583,EUR,38223,SYN-CUST-0370,Synthetic order
LE-000591,2026-09-26,payment,card,PAY-000584,EUR,33762,SYN-CUST-0041,Synthetic order
LE-000592,2026-09-26,payment,card,PAY-000585,EUR,30299,SYN-CUST-0087,Synthetic order
LE-000593,2026-09-26,payment,card,PAY-000586,EUR,36702,SYN-CUST-0310,Synthetic order
LE-000594,2026-09-27,payment,bank_transfer,PAY-000587,EUR,231558,SYN-CUST-0327,Synthetic invoice paid by bank transfer
LE-000595,2026-09-27,payment,bank_transfer,PAY-000588,EUR,139223,SYN-CUST-0310,Synthetic invoice paid by bank transfer
LE-000596,2026-09-27,payment,card,PAY-000589,EUR,18647,SYN-CUST-0342,Synthetic order
LE-000597,2026-09-28,payment,bank_transfer,PAY-000590,EUR,186114,SYN-CUST-0062,Synthetic invoice paid by bank transfer
LE-000598,2026-09-28,payment,card,PAY-000591,EUR,19548,SYN-CUST-0238,Synthetic order
LE-000599,2026-09-28,payment,card,PAY-000592,EUR,29885,SYN-CUST-0339,Synthetic order
LE-000600,2026-09-28,payment,card,PAY-000593,EUR,5344,SYN-CUST-0382,Synthetic order
LE-000601,2026-09-28,payment,card,PAY-000594,EUR,31521,SYN-CUST-0071,Synthetic order
LE-000602,2026-09-28,payment,card,PAY-000595,EUR,21874,SYN-CUST-0344,Synthetic order
LE-000603,2026-09-28,payment,card,PAY-000596,EUR,31146,SYN-CUST-0062,Synthetic order
LE-000604,2026-09-28,payment,card,PAY-000597,EUR,6555,SYN-CUST-0389,Synthetic order
LE-000605,2026-09-28,payment,card,PAY-000598,EUR,17122,SYN-CUST-0377,Synthetic order
LE-000606,2026-09-28,payment,card,PAY-000599,EUR,9361,SYN-CUST-0228,Synthetic order
LE-000607,2026-09-28,payment,card,PAY-000600,EUR,15075,SYN-CUST-0288,Synthetic order
LE-000608,2026-09-28,payment,card,PAY-000601,EUR,11786,SYN-CUST-0327,Synthetic order
LE-000609,2026-09-28,payment,card,PAY-000602,EUR,28158,SYN-CUST-0082,Synthetic order
LE-000610,2026-09-28,payment,card,PAY-000603,EUR,18110,SYN-CUST-0304,Synthetic order
LE-000611,2026-09-28,payment,card,PAY-000604,EUR,5125,SYN-CUST-0047,Synthetic order
LE-000612,2026-09-28,payment,card,PAY-000605,EUR,26545,SYN-CUST-0312,Synthetic order
LE-000613,2026-09-28,payment,card,PAY-000606,EUR,4474,SYN-CUST-0218,Synthetic order
LE-000614,2026-09-28,payment,card,PAY-000607,EUR,32383,SYN-CUST-0159,Synthetic order
LE-000615,2026-09-28,payment,card,PAY-000608,EUR,3767,SYN-CUST-0165,Synthetic order
LE-000616,2026-09-29,payment,card,PAY-000609,EUR,22245,SYN-CUST-0258,Synthetic order
LE-000617,2026-09-29,payment,card,PAY-000610,EUR,14439,SYN-CUST-0286,Synthetic order
LE-000618,2026-09-29,payment,card,PAY-000611,EUR,37032,SYN-CUST-0395,Synthetic order
LE-000619,2026-09-29,payment,card,PAY-000612,EUR,22152,SYN-CUST-0109,Synthetic order
LE-000620,2026-09-29,payment,card,PAY-000613,EUR,34440,SYN-CUST-0132,Synthetic order
LE-000621,2026-09-29,payment,card,PAY-000614,EUR,16610,SYN-CUST-0228,Synthetic order
LE-000622,2026-09-29,payment,card,PAY-000615,EUR,37858,SYN-CUST-0352,Synthetic order
LE-000623,2026-09-29,payment,card,PAY-000616,EUR,6720,SYN-CUST-0069,Synthetic order
LE-000624,2026-09-29,payment,card,PAY-000617,EUR,18535,SYN-CUST-0154,Synthetic order
LE-000625,2026-09-29,payment,card,PAY-000618,EUR,29213,SYN-CUST-0120,Synthetic order
LE-000626,2026-09-29,payment,card,PAY-000619,EUR,6616,SYN-CUST-0041,Synthetic order
LE-000627,2026-09-29,payment,card,PAY-000620,EUR,29984,SYN-CUST-0294,Synthetic order
LE-000628,2026-09-29,payment,card,PAY-000621,EUR,14874,SYN-CUST-0082,Synthetic order
LE-000629,2026-09-29,payment,card,PAY-000622,EUR,2480,SYN-CUST-0326,Synthetic order
LE-000630,2026-09-29,payment,card,PAY-000623,EUR,37500,SYN-CUST-0134,Synthetic order
LE-000631,2026-09-29,payment,card,PAY-000624,EUR,37217,SYN-CUST-0356,Synthetic order
LE-000632,2026-09-30,payment,bank_transfer,PAY-000625,EUR,31815,SYN-CUST-0098,Synthetic invoice paid by bank transfer
LE-000633,2026-09-30,payment,card,PAY-000626,EUR,19852,SYN-CUST-0259,Synthetic order
LE-000634,2026-09-30,payment,card,PAY-000627,EUR,36040,SYN-CUST-0259,Synthetic order
LE-000635,2026-09-30,payment,card,PAY-000628,EUR,18356,SYN-CUST-0276,Synthetic order
LE-000636,2026-09-30,payment,card,PAY-000629,EUR,9164,SYN-CUST-0193,Synthetic order
LE-000637,2026-09-30,payment,card,PAY-000630,EUR,8394,SYN-CUST-0137,Synthetic order
LE-000638,2026-09-30,payment,card,PAY-000631,EUR,29815,SYN-CUST-0093,Synthetic order
LE-000639,2026-09-30,payment,card,PAY-000632,EUR,23679,SYN-CUST-0247,Synthetic order
LE-000640,2026-09-30,payment,card,PAY-000633,EUR,8730,SYN-CUST-0085,Synthetic order
LE-000641,2026-09-30,payment,card,PAY-000634,EUR,35212,SYN-CUST-0035,Synthetic order
LE-000642,2026-09-30,payment,card,PAY-000635,EUR,6872,SYN-CUST-0009,Synthetic order
LE-000643,2026-09-30,payment,card,PAY-000636,EUR,29651,SYN-CUST-0189,Synthetic order
LE-000644,2026-09-30,payment,card,PAY-000637,EUR,6995,SYN-CUST-0023,Synthetic order
LE-000645,2026-09-30,payment,card,PAY-000638,EUR,25294,SYN-CUST-0315,Synthetic order
LE-000646,2026-09-30,payment,card,PAY-000639,EUR,5069,SYN-CUST-0362,Synthetic order
LE-000647,2026-09-30,payment,card,PAY-000640,EUR,27990,SYN-CUST-0315,Synthetic order
LE-000648,2026-09-30,payment,card,PAY-000641,EUR,28689,SYN-CUST-0158,Synthetic order
LE-000649,2026-09-30,payment,card,PAY-000642,EUR,12063,SYN-CUST-0369,Synthetic order
LE-000650,2026-09-30,payment,card,PAY-000643,EUR,19181,SYN-CUST-0237,Synthetic order
LE-000651,2026-09-30,payment,card,PAY-000644,EUR,32828,SYN-CUST-0301,Synthetic order
LE-000652,2026-09-30,payment,card,PAY-000645,EUR,30553,SYN-CUST-0296,Synthetic order
LE-000653,2026-09-30,payment,card,PAY-000646,EUR,28584,SYN-CUST-0029,Synthetic order
